X,Y,Z,Log_X,Sqrt_Y
8,11,31,2.0794415416798357,3.3166247903554
3,20,45,1.0986122886681098,4.47213595499958
5,26,13,1.6094379124341003,5.0990195135927845
39,12,20,3.6635616461296463,3.4641016151377544
5,25,47,1.6094379124341003,5.0
